<?xml version="1.0" encoding="UTF-8"?>

<beans xmlns="http://www.springframework.org/schema/beans"
	xmlns:xsi="http://www.w3.org/2001/XMLSchema-instance"
	xsi:schemaLocation="http://www.springframework.org/schema/beans
		https://www.springframework.org/schema/beans/spring-beans.xsd">
		
	<beans xmlns="http://www.springframework.org/schema/beans"
       xmlns:xsi="http://www.w3.org/2001/XMLSchema-instance"
       xmlns:c="http://www.springframework.org/schema/c"
       xsi:schemaLocation="
           http://www.springframework.org/schema/beans 
           http://www.springframework.org/schema/beans/spring-beans.xsd">

    <bean id="book1" class="com.tnsif.springCore_di_xmldi.Book">
        <constructor-arg value="Java Programming" />
        <constructor-arg value="John Doe" />
        <constructor-arg value="101" />
    </bean>

    <bean id="book2" class="com.tnsif.springCore_di_xmldi.Book">
        <constructor-arg value="Spring Framework" />
        <constructor-arg value="Jane Smith" />
        <constructor-arg value="102" />
    </bean>

    <bean id="book3" class="com.tnsif.springCore_di_xmldi.Book">
        <constructor-arg value="Hibernate in Action" />
        <constructor-arg value="Alice Johnson" />
        <constructor-arg value="103" />
    </bean>

    <bean name="book4,book8" class="com.tnsif.springCore_di_xmldi.Book">
        <constructor-arg value="Microservices Architecture" />
        <constructor-arg value="Robert Martin" />
        <constructor-arg value="104" />
    </bean>

    <bean id="dept1" class="com.tnsif.springCore_di_xmldi.Department">
        <property name="departmentName" value="Library Department"/>
    </bean>

    <bean id="book11" class="com.tnsif.springCore_di_xmldi.Book">
        <constructor-arg ref="dept1"/>
    </bean>

    <bean id="book5" class="com.tnsif.springCore_di_xmldi.Book" 
          c:_0="Advanced Java" 
          c:_1="Brian Kernighan"
          c:_2="105"/>

    <bean id="library" class="com.tnsif.springCore_di_xmldi.Library">
        <constructor-arg>
            <list>
                <ref bean="book1" />
                <ref bean="book2" />
                <ref bean="book3" />
                <ref bean="book5"/>
            </list>
        </constructor-arg>
    </bean>

</beans>

		
</beans>