<?xml version="1.0" encoding="UTF-8"?>

<beans xmlns="http://www.springframework.org/schema/beans"
	xmlns:xsi="http://www.w3.org/2001/XMLSchema-instance"
	xsi:schemaLocation="http://www.springframework.org/schema/beans
		https://www.springframework.org/schema/beans/spring-beans.xsd">
		
	<beans xmlns="http://www.springframework.org/schema/beans"
       xmlns:xsi="http://www.w3.org/2001/XMLSchema-instance"
       xmlns:p="http://www.springframework.org/schema/p"
       xsi:schemaLocation="
           http://www.springframework.org/schema/beans 
           http://www.springframework.org/schema/beans/spring-beans.xsd">

    <bean id="emp1" class="com.tnsif.springCore_di_xmldi.Employee">
        <property name="id" value="101"/>
        <property name="name" value="Alice"/>
        <property name="salary" value="50000"/>
        <property name="check" value="true"/>
    </bean>

    <bean id="emp2" class="com.tnsif.springCore_di_xmldi.Employee">
        <property name="id" value="102"/>
        <property name="name" value="Bob"/>
        <property name="salary" value="60000"/>
        <property name="check" value="true"/>
    </bean>

    <bean id="emp3" class="com.tnsif.springCore_di_xmldi.Employee">
        <property name="id" value="103"/>
        <property name="name" value="Charlie"/>
        <property name="salary" value="70000"/>
        <property name="check" value="true"/>
    </bean>

    <bean id="emp4" class="com.tnsif.springCore_di_xmldi.Employee" 
          p:id="104" 
          p:name="David" 
          p:salary="55000"
          p:check="true"/>

    <bean id="dept1" class="com.tnsif.springCore_di_xmldi.Department">
        <property name="departmentName" value="IT Department"/>
        <property name="employeeList">
            <list>
                <ref bean="emp1"/>
                <ref bean="emp2"/>
                <ref bean="emp4"/>
            </list>
        </property>
    </bean>

    <bean id="dept2" class="com.tnsif.springCore_di_xmldi.Department">
        <property name="departmentName" value="HR Department"/>
        <property name="employeeList">
            <list>
                <ref bean="emp3"/>
            </list>
        </property>
    </bean>

    <bean id="company" class="com.tnsif.springCore_di_xmldi.Company">
        <property name="companyName" value="TechCorp"/>
        <property name="departmentList">
            <list>
                <ref bean="dept1"/>
                <ref bean="dept2"/>
            </list>
        </property>
    </bean>

</beans>

		
		
</beans>